set search_path to pharma_manufacturing;
set datestyle to 'ISO, DMY';
--Material_Master

INSERT INTO material_master VALUES ('VT001','Vitamin A','Supplement','Store at room temperature not exceeding 30ºC','36','Oral Nutritional Supplement','Solid','FALSE','FALSE','kg');
INSERT INTO material_master VALUES ('VT002','Vitamin D3','Supplement','Store at room temperature not exceeding 30ºC','24','Oral Nutritional Supplement','Solid','FALSE','FALSE','kg');
INSERT INTO material_master VALUES ('PC001','Paracetamol','Drug','Store at room temperature not exceeding 30ºC. Protect from light.','24','Antipyretic','Solid','FALSE','FALSE','kg ');
INSERT INTO material_master VALUES ('NB001','Omeprazole','Drug','Store at room temperature not exceeding 25ºC','24','Anti-ulcer','Solid','FALSE','FALSE','kg');
INSERT INTO material_master VALUES ('NB002','Azithomycin Dihydrate','Drug','Store at room temperature not exceeding 25ºC. R.H no more than 55%.','12','Antibiotic','Solid','FALSE','FALSE','kg');
INSERT INTO material_master VALUES ('PR001','L-Leucine','Supplement','Store at room temperature not exceeding 30ºC','36','Essential Amino-Acids','Solid','FALSE','FALSE','kg');
INSERT INTO material_master VALUES ('PR002','L-Lycine Hydrocholoride','Supplement','Store at room temperature not exceeding 30ºC','36','Essential Amino-Acids','Solid','FALSE','FALSE','kg');
INSERT INTO material_master VALUES ('PR003','L-Phenylanaline','Supplement','Store at room temperature not exceeding 30ºC','24','Essential Amino-Acids','Solid','FALSE','FALSE','kg');
INSERT INTO material_master VALUES ('NB003','Tinidazole','Drug','Store at room temperature not exceeding 30ºC. Protect from light.','18','Antibiotic','Solid','TRUE','FALSE','kg');
INSERT INTO material_master VALUES ('NB004','Atorvastatin','Drug','Store at room temperature not exceeding 30ºC. Protect from light.','18','Cardio-vascular','Solid','FALSE','FALSE','kg');
INSERT INTO material_master VALUES ('NB005','Glimepiride','Drug','Store below 25ºC in a well closed container protected from light.','12','Anti-diabetic','Solid','FALSE','FALSE','kg');
INSERT INTO material_master VALUES ('NB006','Ciprofloxacin Hydrochloride','Drug','Store at room temperature not exceeding 25ºC','24','Antibiotic','Solid','TRUE','FALSE','kg');
INSERT INTO material_master VALUES ('OR001','Losartan Potassium','Drug','Store in cool and dry conditions. R.H no more than 40%','24','Cardio-vascular','Solid','TRUE','FALSE','kg');
INSERT INTO material_master VALUES ('OR002','Sodium Chloride','Electrolyte','Store in cool and dry place.','48','Mineral Replenishment','Solid','FALSE','FALSE','kg');
INSERT INTO material_master VALUES ('OR003','Potassium Chloride','Electrolyte','Store in cool and dry place.','48','Mineral Replenishment','Solid','FALSE','FALSE','kg');
INSERT INTO material_master VALUES ('OR004','Sodium Citrate','Electrolyte','Store in cool and dry place.','24','Mineral Replenishment','Solid','FALSE','FALSE','kg');
INSERT INTO material_master VALUES ('OR005','Anhydrous Glucose','Sweetner','Store in cool and dry place.','48','Energy Supplement ','Solid','FALSE','FALSE','kg');
INSERT INTO material_master VALUES ('OR006','Zinc Sulphate Monohydrate','Supplement','Store at room temperature not exceeding 30ºC. Store in dry conditions only.','24','Mineral Replenishment','Solid','FALSE','FALSE','kg');
INSERT INTO material_master VALUES ('OR007','Levocetirizine Hydrochloride','Drug','Store at room temperature not exceeding 25ºC','18','Anti-allergic','Solid','FALSE','FALSE','kg');
INSERT INTO material_master VALUES ('NB007','Cetririzine Hydrochloride','Drug','Store at room temperature not exceeding 25ºC','18','Anti-allergic','Solid','FALSE','FALSE','kg');
INSERT INTO material_master VALUES ('OR008','Diphenylhydramine','Drug','Store at room temperature not exceeding 25ºC. R.H no more than 55%.','12','Anti-cold','Solid','FALSE','FALSE','kg');
INSERT INTO material_master VALUES ('OR009','Menthol','Drug','Store in cool and dry place.','36','Anti-cold','Solid','FALSE','FALSE','kg');
INSERT INTO material_master VALUES ('NB008','Amoxycillin Trihydrate','Drug','Store at room temperature not exceeding 30ºC. Store in dry conditions only.','18','Antibiotic','Solid','TRUE','FALSE','kg');
INSERT INTO material_master VALUES ('NB009','Albendazol','Drug','Store at room temperature not exceeding 30ºC','24','Anti-worms','Solid','FALSE','FALSE','kg');
INSERT INTO material_master VALUES ('NB010','Diclofenac Potassium','Drug','Store at room temperature not exceeding 25ºC','18','Analgesic','Solid','TRUE','FALSE','kg');
INSERT INTO material_master VALUES ('NB011','Montelukast Sodium','Drug','Store at room temperature not exceeding 25ºC','12','Anti-tussive','Solid','FALSE','FALSE','kg');
INSERT INTO material_master VALUES ('NB012','Norfloxacin','Drug','Store at room temperature not exceeding 30ºC. Protect from light.','8','Antibiotic','Solid','FALSE','FALSE','kg');
INSERT INTO material_master VALUES ('OT001','Caffeine ','Supplement','Store at room temperature not exceeding 25ºC. Protect from light.','8','Stimulant ','Solid','FALSE','FALSE','kg');
INSERT INTO material_master VALUES ('NB013','Phenylephrine Hydrochloride','Drug','Store below 25ºC in a well closed container protected from light.','12','Vasoconstrictor','Liquid','TRUE','FALSE','ltr');
INSERT INTO material_master VALUES ('NB014','Ibuprofen','Drug','Store at room temperature not exceeding 30ºC. Protect from light.','24','Analgesic','Solid','FALSE','FALSE','kg');
INSERT INTO material_master VALUES ('EX001','Sodium Starch Gycolate','Excipient','Store in cool and dry place.','36','Disintegrating Agent','Solid','FALSE','FALSE','kg');
INSERT INTO material_master VALUES ('EX002','Methyl Cellulose','Excipient','Store in cool and dry place.','48','Binder','Solid','FALSE','FALSE','kg');
INSERT INTO material_master VALUES ('EX003','Sucrose','Excipient','Store in cool and dry place.','36','Sweetner','Solid','FALSE','FALSE','kg');
INSERT INTO material_master VALUES ('EX004','Starch ','Excipient','Store in cool and dry place.','48','Filler','Solid','FALSE','FALSE','kg');
INSERT INTO material_master VALUES ('EX005','Isopropyl Alcohol','Excipient','Store at room temperature not exceeding 25ºC. Protect from light.','24','Solvent','Liquid','TRUE','TRUE','ltr');
INSERT INTO material_master VALUES ('EX006','Propylene Glycol','Excipient','Store at room temperature not exceeding 25ºC','24','Solvent','Liquid','FALSE','TRUE','ltr');

--Account_Master

INSERT INTO account_master VALUES ('12334455566','AK Pharma','911023456789','B232 ABC Sector, Vatva, Ahmedabad, Gujarat');
INSERT INTO account_master VALUES ('12345678912','Stallion Pharma','919099234567','G371 Industrial Area, Changodar, Ahmedabad, Gujarat');
INSERT INTO account_master VALUES ('12345678913','West Coast Pharma','913243423342','M222 Bsafal Business Park, Prahaladnagar, Ahmedabad, Gujarat');
INSERT INTO account_master VALUES ('12345678914','Cipla Pharma','919676856858','K322 Industrial Area, Changodar, Ahmedabad, Gujarat');
INSERT INTO account_master VALUES ('23456789123','Zydus Pharma','915685685887','Zydus Head Office, Vaishnav Devi Circle, Ahmedabad, Gujarat');
INSERT INTO account_master VALUES ('23456789124','Torrent Pharma','918565655675','Torrent Head Office, IIMA Road, Ahmedabad, Gujarat');
INSERT INTO account_master VALUES ('23456789125','Soham Pharma','918556556757','Z33 Jalandhar Business Sector, PQR Road, Jalandhar, Punjab');
INSERT INTO account_master VALUES ('30941324893','Silis Pharma','311312312312','TZ11 SMZ Corporate Park, Jaipur, Rajasthan');
INSERT INTO account_master VALUES ('34567891245','Sagar Laboratories','913891819333','M24 Pharma Business Hub, Borivalli, Mumbai, Maharashtra');
INSERT INTO account_master VALUES ('45678901234','Danadams Pharma','651308080809','Danadams Head Office, Oreleens Road, Sunacadal, Lagos');
INSERT INTO account_master VALUES ('45678900234','Sehat-E-Zafran Labs','651231312312','P433 ADNEC Business Center, Abu Dhabi, UAE');
INSERT INTO account_master VALUES ('45678900034','Vatican Bells Pharma','221321321313','Bells Pharma Building, Querada Road, Borceda, Lagos');
INSERT INTO account_master VALUES ('13579086421','Justeen Pharmaceuticals','2333123113333','Justeen Pharma Head Office, Kosad Road, Nigeria');
INSERT INTO account_master VALUES ('99886778934','Saham Pharma','901232312312','D323 Mecall Business Hub, KB Road, Lahore, Pakistan');
INSERT INTO account_master VALUES ('42739230089','Sak Kam Pharma','863123131232','Tu Tue Hong, Philm Se Hat, Beijing, China');
INSERT INTO account_master VALUES ('13412342314','Swiss Pharmaceuticals','411232312333','100A Cordova, Senterzen Street, Geneva');
INSERT INTO account_master VALUES ('67132648713','KTZ Pharma Ltd','866868168687','Prot Hat Ne, Sim Te Lar Road, Myanmar');
INSERT INTO account_master VALUES ('71389479813','Hong Phat Pharma','543810899899','15 Procon Estate, Industrial District, Druskel Road, Shanghai');
INSERT INTO account_master VALUES ('28402342389','Lupin Pharmaceuticals','919999139919','Lupin Head Office, DBS Road, Sector 8, New Delhi');

--Transactions

INSERT INTO transactions VALUES ('1','01-09-18','INR','buy','TRUE','34567891245','2250000');
INSERT INTO transactions VALUES ('2','02-09-18','INR','buy','TRUE','45678901234','2100000');
INSERT INTO transactions VALUES ('3','03-09-18','INR','buy','TRUE','45678900234','1600000');
INSERT INTO transactions VALUES ('4','04-09-18','INR','buy','TRUE','45678900034','150000');
INSERT INTO transactions VALUES ('5','05-09-18','INR','buy','TRUE','13579086421','1600000');
INSERT INTO transactions VALUES ('6','06-09-18','INR','buy','TRUE','99886778934','1500000');
INSERT INTO transactions VALUES ('7','07-09-18','INR','buy','FALSE','42739230089','1500000');
INSERT INTO transactions VALUES ('8','08-09-18','INR','buy','TRUE','13412342314','4100000');
INSERT INTO transactions VALUES ('9','09-09-18','INR','buy','TRUE','67132648713','12000000');
INSERT INTO transactions VALUES ('10','10-09-18','INR','buy','TRUE','71389479813','6500000');
INSERT INTO transactions VALUES ('11','11-09-18','INR','buy','TRUE','28402342389','500000');
INSERT INTO transactions VALUES ('12','12-09-18','INR','buy','TRUE','34567891245','200000');
INSERT INTO transactions VALUES ('13','13-09-18','INR','buy','FALSE','45678901234','3000000');
INSERT INTO transactions VALUES ('14','14-09-18','INR','buy','TRUE','45678900234','100000');
INSERT INTO transactions VALUES ('15','15-09-18','INR','buy','TRUE','45678900034','750000');
INSERT INTO transactions VALUES ('16','16-09-18','INR','buy','TRUE','13579086421','1800000');
INSERT INTO transactions VALUES ('17','17-09-18','INR','buy','TRUE','99886778934','8185000');
INSERT INTO transactions VALUES ('18','18-09-18','INR','buy','TRUE','42739230089','5000000');
INSERT INTO transactions VALUES ('19','19-09-18','INR','buy','FALSE','13412342314','200000');
INSERT INTO transactions VALUES ('20','20-09-18','INR','buy','TRUE','67132648713','100000');
INSERT INTO transactions VALUES ('21','21-09-18','INR','buy','TRUE','71389479813','2300000');
INSERT INTO transactions VALUES ('22','22-09-18','INR','buy','TRUE','28402342389','1050000');
INSERT INTO transactions VALUES ('23','23-09-18','INR','buy','TRUE','34567891245','15000');
INSERT INTO transactions VALUES ('24','24-09-18','INR','buy','FALSE','45678901234','75000');
INSERT INTO transactions VALUES ('25','25-09-18','INR','buy','TRUE','45678900234','1000000');
INSERT INTO transactions VALUES ('26','26-09-18','INR','buy','TRUE','45678900034','1200000');
INSERT INTO transactions VALUES ('1001','01-12-18','INR','sell','TRUE','12334455566','50000');
INSERT INTO transactions VALUES ('1002','02-12-18','INR','sell','TRUE','12345678912','336000');
INSERT INTO transactions VALUES ('1003','03-12-18','INR','sell','TRUE','12345678913','540000');
INSERT INTO transactions VALUES ('1004','04-12-18','INR','sell','TRUE','12345678914','195000');
INSERT INTO transactions VALUES ('1005','05-12-18','INR','sell','FALSE','23456789123','76800');
INSERT INTO transactions VALUES ('1006','06-12-18','INR','sell','TRUE','23456789124','270000');
INSERT INTO transactions VALUES ('1007','07-12-18','INR','sell','TRUE','23456789125','45000');
INSERT INTO transactions VALUES ('1008','08-12-18','INR','sell','TRUE','30941324893','342000');
INSERT INTO transactions VALUES ('1009','09-12-18','INR','sell','FALSE','34567891245','28000');
INSERT INTO transactions VALUES ('1010','10-12-18','INR','sell','TRUE','30941324893','72000');
INSERT INTO transactions VALUES ('1011','11-12-18','INR','sell','TRUE','12345678913','70000');

--Warehouse

INSERT INTO warehouse VALUES ('VT001','1','UT','10000','100000','10000');
INSERT INTO warehouse VALUES ('VT002','1','UT','50000','500000','50000');
INSERT INTO warehouse VALUES ('PC001','1','UT','20000','1000000','20000');
INSERT INTO warehouse VALUES ('NB001','1','UT','20000','500000','20000');
INSERT INTO warehouse VALUES ('NB002','1','UT','30000','150000','30000');
INSERT INTO warehouse VALUES ('PR001','2','UT','50000','1000000','50000');
INSERT INTO warehouse VALUES ('PR002','2','UT','10000','1000000','10000');
INSERT INTO warehouse VALUES ('PR003','2','UT','10000','100000','10000');
INSERT INTO warehouse VALUES ('NB003','3','UT','40000','1600000','40000');
INSERT INTO warehouse VALUES ('NB004','4','UT','10000','150000','10000');
INSERT INTO warehouse VALUES ('NB005','5','UT','40000','1600000','40000');
INSERT INTO warehouse VALUES ('NB006','6','UT','30000','1500000','30000');
INSERT INTO warehouse VALUES ('OR001','7','UT','15000','1500000','15000');
INSERT INTO warehouse VALUES ('OR002','8','UT','11000','1100000','11000');
INSERT INTO warehouse VALUES ('OR003','8','UT','20000','2000000','20000');
INSERT INTO warehouse VALUES ('OR004','8','UT','10000','1000000','10000');
INSERT INTO warehouse VALUES ('OR005','9','UT','10000','2000000','10000');
INSERT INTO warehouse VALUES ('OR006','9','UT','30000','6000000','30000');
INSERT INTO warehouse VALUES ('OR007','9','UT','20000','4000000','20000');
INSERT INTO warehouse VALUES ('NB007','10','UT','15000','3000000','15000');
INSERT INTO warehouse VALUES ('OR008','10','UT','35000','3500000','35000');
INSERT INTO warehouse VALUES ('OR009','11','UT','15000','150000','15000');
INSERT INTO warehouse VALUES ('NB008','11','UT','10000','100000','10000');
INSERT INTO warehouse VALUES ('NB009','11','UT','25000','250000','25000');
INSERT INTO warehouse VALUES ('NB010','12','UT','20000','200000','20000');
INSERT INTO warehouse VALUES ('NB011','13','UT','30000','3000000','30000');
INSERT INTO warehouse VALUES ('NB012','14','UT','10000','100000','10000');
INSERT INTO warehouse VALUES ('OT001','15','UT','15000','750000','15000');
INSERT INTO warehouse VALUES ('NB013','16','UT','20000','800000','20000');
INSERT INTO warehouse VALUES ('NB014','16','UT','15000','150000','15000');
INSERT INTO warehouse VALUES ('EX001','16','UT','15000','150000','15000');
INSERT INTO warehouse VALUES ('EX002','16','UT','10000','700000','10000');
INSERT INTO warehouse VALUES ('EX003','17','UT','15000','150000','15000');
INSERT INTO warehouse VALUES ('EX004','17','UT','20000','8000000','20000');
INSERT INTO warehouse VALUES ('EX005','18','UT','20000','2000000','20000');
INSERT INTO warehouse VALUES ('EX006','18','UT','30000','3000000','30000');
INSERT INTO warehouse VALUES ('PR002','19','UT','10000','200000','10000');
INSERT INTO warehouse VALUES ('NB014','20','UT','10000','100000','10000');
INSERT INTO warehouse VALUES ('NB011','21','UT','12000','1200000','12000');
INSERT INTO warehouse VALUES ('OR008','21','UT','11000','1100000','11000');
INSERT INTO warehouse VALUES ('EX002','22','UT','15000','1050000','15000');
INSERT INTO warehouse VALUES ('VT002','23','UT','15000','150000','15000');
INSERT INTO warehouse VALUES ('NB002','24','UT','15000','75000','15000');
INSERT INTO warehouse VALUES ('OR002','25','UT','10000','1000000','10000');
INSERT INTO warehouse VALUES ('VT001','26','UT','20000','200000','20000');
INSERT INTO warehouse VALUES ('OR004','26','UT','10000','1000000','10000');

--Material_Quality_Check

INSERT INTO material_quality_check VALUES ('VT001','1','1','01-09-18','Ajay Sharma','1','Potency','>90% and <105%','PASSED');
INSERT INTO material_quality_check VALUES ('VT002','1','2','02-09-18','Hitesh Patel','2','Potency','>95% and <104%','PASSED');
INSERT INTO material_quality_check VALUES ('PC001','1','3','03-09-18','Ajay Sharma','3','Potency','>90% and <110%','PASSED');
INSERT INTO material_quality_check VALUES ('NB001','1','4','04-09-18','Hitesh Patel','1','Potency','>90% and <105%','PASSED');
INSERT INTO material_quality_check VALUES ('NB002','1','5','05-09-18','Ajay Sharma','2','Potency','>95% and <104%','PASSED');
INSERT INTO material_quality_check VALUES ('PR001','2','6','06-09-18','Hitesh Patel','1','Potency','>90% and <110%','PASSED');
INSERT INTO material_quality_check VALUES ('PR002','2','7','07-09-18','Ajay Sharma','3','Potency','>90% and <105%','PASSED');
INSERT INTO material_quality_check VALUES ('PR003','2','8','08-09-18','Hitesh Patel','1','Potency','>95% and <104%','PASSED');
INSERT INTO material_quality_check VALUES ('NB003','3','9','09-09-18','Ajay Sharma','5','Potency','>90% and <110%','PASSED');
INSERT INTO material_quality_check VALUES ('NB004','4','10','10-09-18','Hitesh Patel','3','Potency','>90% and <105%','PASSED');
INSERT INTO material_quality_check VALUES ('NB005','5','11','11-09-18','Ajay Sharma','2','Potency','>95% and <104%','PASSED');
INSERT INTO material_quality_check VALUES ('NB006','6','12','12-09-18','Hitesh Patel','3','Potency','>90% and <110%','PASSED');
INSERT INTO material_quality_check VALUES ('OR001','7','13','13-09-18','Ajay Sharma','4','Potency','>90% and <105%','PASSED');
INSERT INTO material_quality_check VALUES ('OR002','8','14','14-09-18','Hitesh Patel','1','Potency','>95% and <104%','PASSED');
INSERT INTO material_quality_check VALUES ('OR003','8','15','15-09-18','Ajay Sharma','3','Potency','>90% and <110%','PASSED');
INSERT INTO material_quality_check VALUES ('OR004','8','16','16-09-18','Hitesh Patel','2','Potency','>90% and <105%','PASSED');
INSERT INTO material_quality_check VALUES ('OR005','9','17','17-09-18','Ajay Sharma','3','Potency','>95% and <104%','PASSED');
INSERT INTO material_quality_check VALUES ('OR006','9','18','18-09-18','Hitesh Patel','3','Potency','>90% and <110%','PASSED');
INSERT INTO material_quality_check VALUES ('OR007','9','19','19-09-18','Ajay Sharma','3','Potency','>90% and <105%','PASSED');
INSERT INTO material_quality_check VALUES ('NB007','10','20','20-09-18','Hitesh Patel','4','Potency','>95% and <104%','PASSED');
INSERT INTO material_quality_check VALUES ('OR008','10','21','21-09-18','Ajay Sharma','2','Potency','>90% and <110%','PASSED');
INSERT INTO material_quality_check VALUES ('OR009','11','22','22-09-18','Hitesh Patel','1','Potency','>90% and <105%','PASSED');
INSERT INTO material_quality_check VALUES ('NB008','11','23','23-09-18','Ajay Sharma','3','Potency','>95% and <104%','PASSED');
INSERT INTO material_quality_check VALUES ('NB009','11','24','24-09-18','Hitesh Patel','3','Potency','>90% and <110%','PASSED');
INSERT INTO material_quality_check VALUES ('NB010','12','25','25-09-18','Ajay Sharma','4','Potency','>90% and <105%','PASSED');
INSERT INTO material_quality_check VALUES ('NB011','13','26','26-09-18','Hitesh Patel','5','Potency','>95% and <104%','PASSED');
INSERT INTO material_quality_check VALUES ('NB012','14','27','27-09-18','Ajay Sharma','1','Potency','>90% and <110%','PASSED');
INSERT INTO material_quality_check VALUES ('OT001','15','28','28-09-18','Hitesh Patel','2','Potency','>90% and <105%','PASSED');
INSERT INTO material_quality_check VALUES ('NB013','16','29','29-09-18','Ajay Sharma','7','Potency','>95% and <104%','PASSED');
INSERT INTO material_quality_check VALUES ('NB014','16','30','30-09-18','Hitesh Patel','2','Potency','>90% and <110%','PASSED');
INSERT INTO material_quality_check VALUES ('EX001','16','31','01-10-18','Ajay Sharma','4','Potency','>90% and <105%','PASSED');
INSERT INTO material_quality_check VALUES ('EX002','16','32','02-10-18','Hitesh Patel','3','Potency','>95% and <104%','PASSED');
INSERT INTO material_quality_check VALUES ('EX003','17','33','03-10-18','Ajay Sharma','5','Potency','>90% and <110%','PASSED');
INSERT INTO material_quality_check VALUES ('EX004','17','34','04-10-18','Hitesh Patel','4','Potency','>90% and <105%','PASSED');
INSERT INTO material_quality_check VALUES ('EX005','18','35','05-10-18','Ajay Sharma','6','Potency','>95% and <104%','PASSED');
INSERT INTO material_quality_check VALUES ('EX006','18','36','06-10-18','Hitesh Patel','2','Potency','>90% and <110%','PASSED');
INSERT INTO material_quality_check VALUES ('EX005','18','37','07-10-18','Ajay Sharma','4','Potency','>90% and <105%','PASSED');
INSERT INTO material_quality_check VALUES ('PR002','19','38','08-10-18','Hitesh Patel','1','Potency','>95% and <104%','FAILED');
INSERT INTO material_quality_check VALUES ('NB014','20','39','09-10-18','Ajay Sharma','2','Potency','>90% and <110%','FAILED');
INSERT INTO material_quality_check VALUES ('NB011','21','40','10-10-18','Hitesh Patel','5','Potency','>90% and <105%','FAILED');
INSERT INTO material_quality_check VALUES ('OR008','21','41','11-10-18','Ajay Sharma','3','Potency','>95% and <115%','FAILED');
INSERT INTO material_quality_check VALUES ('EX002','22','42','12-10-18','Hitesh Patel','2','Potency','>80% and <110%','FAILED');
INSERT INTO material_quality_check VALUES ('VT002','23','43','13-10-18','Ajay Sharma','1','Potency','>80% and <115%','FAILED');
INSERT INTO material_quality_check VALUES ('NB002','24','44','14-10-18','Hitesh Patel','4','Potency','>65% and <115%','FAILED');
INSERT INTO material_quality_check VALUES ('OR002','25','45','15-10-18','Ajay Sharma','2','Potency','>70% and <110%','FAILED');
INSERT INTO material_quality_check VALUES ('VT001','26','46','16-10-18','Hitesh Patel','4','Potency','>80% and <105%','FAILED');
INSERT INTO material_quality_check VALUES ('OR004','26','47','17-10-18','Ajay Sharma','3','Potency','>85% and <104%','FAILED');

--Product_Master

INSERT INTO product_master VALUES ('SP0001PD','Vitarich','Multivitamin-Multimineral','Tablet','ALU','2x10','M','B');
INSERT INTO product_master VALUES ('SP0002PD','Vitarich','Multivitamin-Multimineral','Tablet','ALU','2x10','S','B');
INSERT INTO product_master VALUES ('SP0003PD','Finamin','Essential Amino Acids and Vitamins','Capsule','BLI','2x10','M','B');
INSERT INTO product_master VALUES ('SG0001PD','Omsergy','Omerprazole','Capsule','ALU','10x10','M','B');
INSERT INTO product_master VALUES ('SY0001PD','Exicof','Cough Syrup','Syrup','BOT','1x1','M','B');
INSERT INTO product_master VALUES ('SG0002PD','Parabufen','Paracetmol Ibuprofen','Tablet ','BLI','3x10','M','B');
INSERT INTO product_master VALUES ('SG0003PD','Tinizoa ','Tinidazole','Tablet','ALU','2x12','M','B');
INSERT INTO product_master VALUES ('SG0004PD','Norseptin 400','Norfloxacin ','Tablet','BLI','3x10','M','B');
INSERT INTO product_master VALUES ('SP0005PD','Amoxyn','Amoxycillin Oral Suspension','Syrup','BOT','1x1','M','B');
INSERT INTO product_master VALUES ('SG0005PD','Rhinacet','Levocetirizine ','Tablet','BLI','5x10','M ','B');
INSERT INTO product_master VALUES ('SG0006PD','Desloratadine SP','Desloratadine','Tablet','ALU','3x7','M','G');
INSERT INTO product_master VALUES ('SG0007PD','Atorvastatin 20','Atorvastatin ','Tablet','ALU','3x10','M','G');
INSERT INTO product_master VALUES ('SG0008PD','Montehist','Montelukast Sodium and Levocetirizine','Tablet','ALU','10x10','M','B');
INSERT INTO product_master VALUES ('SG0009PD','Omecid','Gastro Resistant Omeprazole','Capsule','ALU','3x10','M','B');
INSERT INTO product_master VALUES ('SG0010PD','Zetry','Cetirizine Hydrochloride','Tablet','ALU','10x10','M','B');
INSERT INTO product_master VALUES ('SG0011PD','Lotenz 100','Losartan Potassium','Tablet','ALU','3x10','M','B');
INSERT INTO product_master VALUES ('SG0012PD','Coldrest','Paracetmol Phenylephrine Caffeiene','Tablet','BLI','2x10','M','B');
INSERT INTO product_master VALUES ('SG0013PD','Albex 400','Albendazol ','Tablet','BLI','1x4','M','B');
INSERT INTO product_master VALUES ('SG0014PD','Ultramol 250','Paracetamol','Tablet','ALU','5x10','M','B');
INSERT INTO product_master VALUES ('SG0015PD','Ultramol 500','Paracetamol','Tablet','BLI','4x10','M','B');
INSERT INTO product_master VALUES ('SG0016PD','Q-Bact 250','Ciprofloxacin Hydrochloride','Tablet','BLI','3x10','M','B');
INSERT INTO product_master VALUES ('SG0017PD','Q-Bact 500','Ciprofloxacin Hydrochloride','Tablet','BLI','3x10','M','B');
INSERT INTO product_master VALUES ('SG0018PD','Diclobells 50','Diclofenac Potassium','Tablet','BLI','2x10','M','B');
INSERT INTO product_master VALUES ('SG0019PD','Tavon ORS Plus Zinc','Oral Rehydration Salts and Zinc Sulfate Monohydrate','ORS','SCT','2x1','M','B');
INSERT INTO product_master VALUES ('SG0020PD','Gludip 3','Glimepiride 3mg','Tablet','BLU','1x10','M','B');
INSERT INTO product_master VALUES ('SP0004PD','Cafee 200','Caffiene ','Tablet','ALU','3x10','M','B');
INSERT INTO product_master VALUES ('GN0001PD','Ibuprofen','Ibuprofen','Tablet','BLI','2x10','M','G');
INSERT INTO product_master VALUES ('GN0002PD','Vitamin A','Vitamin A','Capsule','ALU','3x10','S','G');
INSERT INTO product_master VALUES ('GN0003PD','L-Lysine ','Lysine Hydrochloride','Capsule ','ALU','3x10','M','G');
INSERT INTO product_master VALUES ('GN0004PD','Leucine','Leucine','Capsule','ALU','3x10','S','G');
INSERT INTO product_master VALUES ('GN0005PD','Caffiene','Caffiene ','Tablet','BLI','3x10','S','G');
INSERT INTO product_master VALUES ('GN0006PD','Azithromycin 500','Azithromycin','Capsule','ALU','3x10','M','G');

--Formula_Master

INSERT INTO formula_master VALUES ('SP0001PD','VT001','100');
INSERT INTO formula_master VALUES ('SP0001PD','VT002','250');
INSERT INTO formula_master VALUES ('SP0001PD','EX002','650');
INSERT INTO formula_master VALUES ('SP0002PD','VT001','100');
INSERT INTO formula_master VALUES ('SP0002PD','VT002','250');
INSERT INTO formula_master VALUES ('SP0002PD','EX002','650');
INSERT INTO formula_master VALUES ('SP0003PD','PR001','150');
INSERT INTO formula_master VALUES ('SP0003PD','PR002','150');
INSERT INTO formula_master VALUES ('SP0003PD','PR003','300');
INSERT INTO formula_master VALUES ('SP0003PD','EX002','400');
INSERT INTO formula_master VALUES ('SG0001PD','NB001','200');
INSERT INTO formula_master VALUES ('SG0001PD','EX001','250');
INSERT INTO formula_master VALUES ('SG0001PD','EX003','100');
INSERT INTO formula_master VALUES ('SG0001PD','EX002','450');
INSERT INTO formula_master VALUES ('SG0002PD','NB014','200');
INSERT INTO formula_master VALUES ('SG0002PD','PC001','500');
INSERT INTO formula_master VALUES ('SG0002PD','EX002','300');
INSERT INTO formula_master VALUES ('SG0003PD','NB003','250');
INSERT INTO formula_master VALUES ('SG0003PD','EX002','200');
INSERT INTO formula_master VALUES ('SG0003PD','EX004','250');
INSERT INTO formula_master VALUES ('SG0003PD','EX003','300');
INSERT INTO formula_master VALUES ('SG0004PD','NB012','400');
INSERT INTO formula_master VALUES ('SG0004PD','EX002','300');
INSERT INTO formula_master VALUES ('SG0004PD','EX003','300');
INSERT INTO formula_master VALUES ('SG0005PD','OR007','300');
INSERT INTO formula_master VALUES ('SG0005PD','EX004','700');
INSERT INTO formula_master VALUES ('SG0006PD','NB007','500');
INSERT INTO formula_master VALUES ('SG0006PD','EX003','300');
INSERT INTO formula_master VALUES ('SG0006PD','EX004','200');
INSERT INTO formula_master VALUES ('SG0007PD','NB004','250');
INSERT INTO formula_master VALUES ('SG0007PD','EX001','750');
INSERT INTO formula_master VALUES ('SG0008PD','NB011','250');
INSERT INTO formula_master VALUES ('SG0008PD','OR007','250');
INSERT INTO formula_master VALUES ('SG0008PD','EX003','500');
INSERT INTO formula_master VALUES ('SG0009PD','NB001','500');
INSERT INTO formula_master VALUES ('SG0009PD','EX002','500');
INSERT INTO formula_master VALUES ('SG0010PD','NB007','500');
INSERT INTO formula_master VALUES ('SG0010PD','EX001','500');
INSERT INTO formula_master VALUES ('SG0011PD','OR001','300');
INSERT INTO formula_master VALUES ('SG0011PD','EX001','300');
INSERT INTO formula_master VALUES ('SG0011PD','EX002','400');
INSERT INTO formula_master VALUES ('SG0012PD','PC001','250');
INSERT INTO formula_master VALUES ('SG0012PD','NB013','250');
INSERT INTO formula_master VALUES ('SG0012PD','OT001','250');
INSERT INTO formula_master VALUES ('SG0012PD','EX001','250');
INSERT INTO formula_master VALUES ('SG0013PD','NB009','300');
INSERT INTO formula_master VALUES ('SG0013PD','EX004','700');
INSERT INTO formula_master VALUES ('SG0014PD','PC001','250');
INSERT INTO formula_master VALUES ('SG0014PD','EX001','250');
INSERT INTO formula_master VALUES ('SG0014PD','EX002','500');
INSERT INTO formula_master VALUES ('SG0015PD','PC001','500');
INSERT INTO formula_master VALUES ('SG0015PD','EX001','250');
INSERT INTO formula_master VALUES ('SG0015PD','EX002','250');
INSERT INTO formula_master VALUES ('SG0016PD','NB006','250');
INSERT INTO formula_master VALUES ('SG0016PD','EX001','250');
INSERT INTO formula_master VALUES ('SG0016PD','EX002','500');
INSERT INTO formula_master VALUES ('SG0017PD','NB006','500');
INSERT INTO formula_master VALUES ('SG0017PD','EX001','250');
INSERT INTO formula_master VALUES ('SG0017PD','EX002','250');
INSERT INTO formula_master VALUES ('SG0018PD','NB010','50');
INSERT INTO formula_master VALUES ('SG0018PD','EX004','450');
INSERT INTO formula_master VALUES ('SG0019PD','OR002','2600');
INSERT INTO formula_master VALUES ('SG0019PD','OR003','1500');
INSERT INTO formula_master VALUES ('SG0019PD','OR004','2900');
INSERT INTO formula_master VALUES ('SG0019PD','OR005','13450');
INSERT INTO formula_master VALUES ('SG0019PD','OR006','50');
INSERT INTO formula_master VALUES ('SG0020PD','NB005','3');
INSERT INTO formula_master VALUES ('SG0020PD','EX001','27');
INSERT INTO formula_master VALUES ('SG0020PD','EX002','470');
INSERT INTO formula_master VALUES ('GN0001PD','NB014','200');
INSERT INTO formula_master VALUES ('GN0001PD','EX001','200');
INSERT INTO formula_master VALUES ('GN0001PD','EX002','600');
INSERT INTO formula_master VALUES ('GN0002PD','VT001','300');
INSERT INTO formula_master VALUES ('GN0002PD','EX002','700');
INSERT INTO formula_master VALUES ('GN0003PD','PR002','300');
INSERT INTO formula_master VALUES ('GN0003PD','EX001','300');
INSERT INTO formula_master VALUES ('GN0003PD','EX003','400');
INSERT INTO formula_master VALUES ('GN0004PD','PR001','300');
INSERT INTO formula_master VALUES ('GN0004PD','EX003','300');
INSERT INTO formula_master VALUES ('GN0004PD','EX004','400');
INSERT INTO formula_master VALUES ('GN0005PD','OT001','400');
INSERT INTO formula_master VALUES ('GN0005PD','EX001','300');
INSERT INTO formula_master VALUES ('GN0005PD','EX004','300');
INSERT INTO formula_master VALUES ('SP0004PD','OT001','800');
INSERT INTO formula_master VALUES ('SP0004PD','EX001','100');
INSERT INTO formula_master VALUES ('SP0004PD','EX002','100');
INSERT INTO formula_master VALUES ('GN0006PD','NB002','500');
INSERT INTO formula_master VALUES ('GN0006PD','EX002','250');
INSERT INTO formula_master VALUES ('GN0006PD','EX003','250');
INSERT INTO formula_master VALUES ('SY0001PD','OR008','1000');
INSERT INTO formula_master VALUES ('SY0001PD','OR009','250');
INSERT INTO formula_master VALUES ('SY0001PD','EX003','250');
INSERT INTO formula_master VALUES ('SP0005PD','NB008','2250');
INSERT INTO formula_master VALUES ('SP0005PD','EX003','250');

--Batch

INSERT INTO batch VALUES ('1','10000','2018-10-18','2019-10-17','SP0001PD','10000','UT');
INSERT INTO batch VALUES ('2','8000','2018-10-19','2019-10-18','SP0002PD','8000','UT');
INSERT INTO batch VALUES ('3','20000','2018-10-20','2019-10-19','SP0003PD','20000','UT');
INSERT INTO batch VALUES ('4','30000','2018-10-21','2019-10-20','SG0001PD','30000','UT');
INSERT INTO batch VALUES ('5','5000','2018-10-22','2019-10-21','SY0001PD','5000','UT');
INSERT INTO batch VALUES ('6','2000','2018-10-23','2019-10-22','SG0002PD','2000','UT');
INSERT INTO batch VALUES ('7','10000','2018-10-24','2019-10-23','SG0003PD','10000','UT');
INSERT INTO batch VALUES ('8','20000','2018-10-25','2019-10-24','SG0004PD','20000','UT');
INSERT INTO batch VALUES ('9','5000','2018-10-26','2019-05-25','SP0005PD','5000','UT');
INSERT INTO batch VALUES ('10','20000','2018-10-27','2019-10-26','SG0005PD','20000','UT');
INSERT INTO batch VALUES ('11','5000','2018-10-28','2019-10-27','SG0006PD','5000','UT');
INSERT INTO batch VALUES ('12','5000','2018-10-29','2019-10-28','SG0007PD','5000','UT');
INSERT INTO batch VALUES ('13','8000','2018-10-30','2019-06-29','SG0008PD','8000','UT');
INSERT INTO batch VALUES ('14','9000','2018-10-31','2019-10-30','SG0009PD','9000','UT');
INSERT INTO batch VALUES ('15','6000','2018-11-01','2019-08-31','SG0010PD','6000','UT');
INSERT INTO batch VALUES ('16','7000','2018-11-02','2019-11-01','SG0011PD','7000','UT');
INSERT INTO batch VALUES ('17','4000','2018-11-03','2019-11-02','SG0012PD','4000','UT');
INSERT INTO batch VALUES ('18','3000','2018-11-04','2019-11-03','SG0013PD','3000','UT');
INSERT INTO batch VALUES ('19','15000','2018-11-05','2019-11-04','SG0014PD','15000','UT');
INSERT INTO batch VALUES ('20','25000','2018-11-06','2019-09-05','SG0015PD','25000','UT');
INSERT INTO batch VALUES ('21','5000','2018-11-07','2019-11-06','SG0016PD','5000','UT');
INSERT INTO batch VALUES ('22','20000','2018-11-08','2019-11-07','SG0017PD','20000','UT');
INSERT INTO batch VALUES ('23','10000','2018-11-09','2019-11-08','SG0018PD','10000','UT');
INSERT INTO batch VALUES ('24','11000','2018-11-10','2019-11-09','SG0019PD','11000','UT');
INSERT INTO batch VALUES ('25','5000','2018-11-11','2019-09-10','SG0020PD','5000','UT');
INSERT INTO batch VALUES ('26','40000','2018-11-12','2019-10-11','SP0004PD','40000','UT');
INSERT INTO batch VALUES ('27','50000','2018-11-13','2019-06-12','GN0001PD','50000','UT');
INSERT INTO batch VALUES ('28','10000','2018-11-14','2019-05-13','GN0002PD','10000','UT');
INSERT INTO batch VALUES ('29','4000','15-Nov-18','2019-09-14','GN0003PD','4000','UT');
INSERT INTO batch VALUES ('30','5000','16-Nov-18','2019-07-15','GN0004PD','5000','UT');
INSERT INTO batch VALUES ('31','5000','17-Nov-18','2019-10-16','GN0005PD','5000','UT');
INSERT INTO batch VALUES ('32','10000','18-Nov-18','2019-09-17','GN0006PD','10000','UT');

--Product_Quality_Check

INSERT INTO product_quality_check VALUES ('1','1','19-10-18','Ajay Sharma','10','Granulation','Disintegration time','>0 <10 min','PASSED');
INSERT INTO product_quality_check VALUES ('1','2','19-10-18','Hitesh Patel','20','Compression','Hardness','>2 <15 kg/cm2','PASSED');
INSERT INTO product_quality_check VALUES ('1','3','19-10-18','Ajay Sharma','30','Coating','Assay','>90% and <110%','PASSED');
INSERT INTO product_quality_check VALUES ('2','4','20-10-18','Hitesh Patel','10','Granulation','Disintegration time','>0 <10 min','PASSED');
INSERT INTO product_quality_check VALUES ('2','5','20-10-18','Ajay Sharma','20','Compression','Hardness','>2 <15 kg/cm3','PASSED');
INSERT INTO product_quality_check VALUES ('2','6','20-10-18','Hitesh Patel','10','Coating','Assay','>80% and <110%','FAILED');
INSERT INTO product_quality_check VALUES ('3','7','21-10-18','Ajay Sharma','30','Granulation','Disintegration time','>0 <10 min','PASSED');
INSERT INTO product_quality_check VALUES ('3','8','21-10-18','Hitesh Patel','10','Compression','Hardness','>2 <15 kg/cm4','PASSED');
INSERT INTO product_quality_check VALUES ('3','9','21-10-18','Ajay Sharma','50','Coating','Assay','>90% and <110%','PASSED');
INSERT INTO product_quality_check VALUES ('4','10','22-10-18','Hitesh Patel','30','Granulation','Disintegration time','>0 <10 min','PASSED');
INSERT INTO product_quality_check VALUES ('4','11','22-10-18','Ajay Sharma','20','Compression','Hardness','>2 <15 kg/cm5','PASSED');
INSERT INTO product_quality_check VALUES ('4','12','22-10-18','Hitesh Patel','30','Coating','Assay','>90% and <110%','PASSED');
INSERT INTO product_quality_check VALUES ('5','13','23-10-18','Ajay Sharma','40','Granulation','Disintegration time','>0 <10 min','PASSED');
INSERT INTO product_quality_check VALUES ('5','14','23-10-18','Hitesh Patel','10','Compression','Hardness','>2 <15 kg/cm6','PASSED');
INSERT INTO product_quality_check VALUES ('5','15','23-10-18','Ajay Sharma','30','Coating','Assay','>90% and <110%','PASSED');
INSERT INTO product_quality_check VALUES ('6','16','24-10-18','Hitesh Patel','20','Granulation','Disintegration time','>0 <10 min','PASSED');
INSERT INTO product_quality_check VALUES ('6','17','24-10-18','Ajay Sharma','30','Compression','Hardness','>2 <15 kg/cm7','PASSED');
INSERT INTO product_quality_check VALUES ('6','18','24-10-18','Hitesh Patel','30','Coating','Assay','>90% and <110%','PASSED');
INSERT INTO product_quality_check VALUES ('7','19','25-10-18','Ajay Sharma','30','Granulation','Disintegration time','>0 <10 min','PASSED');
INSERT INTO product_quality_check VALUES ('7','20','25-10-18','Hitesh Patel','40','Compression','Hardness','>2 <15 kg/cm8','PASSED');
INSERT INTO product_quality_check VALUES ('7','21','25-10-18','Ajay Sharma','20','Coating','Assay','>90% and <110%','PASSED');
INSERT INTO product_quality_check VALUES ('8','22','26-10-18','Hitesh Patel','10','Granulation','Disintegration time','>0 <10 min','PASSED');
INSERT INTO product_quality_check VALUES ('8','23','26-10-18','Ajay Sharma','30','Compression','Hardness','>2 <15 kg/cm9','PASSED');
INSERT INTO product_quality_check VALUES ('8','24','26-10-18','Hitesh Patel','30','Coating','Assay','>90% and <110%','PASSED');
INSERT INTO product_quality_check VALUES ('9','25','27-10-18','Ajay Sharma','40','Granulation','Disintegration time','>0 <10 min','PASSED');
INSERT INTO product_quality_check VALUES ('9','26','27-10-18','Hitesh Patel','50','Compression','Hardness','>2 <15 kg/cm10','PASSED');
INSERT INTO product_quality_check VALUES ('9','27','27-10-18','Ajay Sharma','10','Coating','Assay','>90% and <110%','PASSED');
INSERT INTO product_quality_check VALUES ('10','28','28-10-18','Hitesh Patel','20','Granulation','Disintegration time','>0 <10 min','PASSED');
INSERT INTO product_quality_check VALUES ('10','29','28-10-18','Ajay Sharma','70','Compression','Hardness','>2 <15 kg/cm11','PASSED');
INSERT INTO product_quality_check VALUES ('10','30','28-10-18','Hitesh Patel','20','Coating','Assay','>90% and <110%','PASSED');
INSERT INTO product_quality_check VALUES ('11','31','29-10-18','Ajay Sharma','40','Granulation','Disintegration time','>0 <20 min','FAILED');
INSERT INTO product_quality_check VALUES ('12','32','30-10-18','Hitesh Patel','40','Granulation','Disintegration time','>0 <10 min','PASSED');
INSERT INTO product_quality_check VALUES ('12','33','30-10-18','Ajay Sharma','60','Compression','Hardness','>2 <15 kg/cm13','PASSED');
INSERT INTO product_quality_check VALUES ('12','34','30-10-18','Hitesh Patel','20','Coating','Assay','>90% and <110%','PASSED');
INSERT INTO product_quality_check VALUES ('13','35','31-10-18','Ajay Sharma','40','Granulation','Disintegration time','>0 <10 min','PASSED');
INSERT INTO product_quality_check VALUES ('13','36','31-10-18','Hitesh Patel','10','Compression','Hardness','>2 <15 kg/cm14','PASSED');
INSERT INTO product_quality_check VALUES ('13','37','31-10-18','Ajay Sharma','20','Coating','Assay','>90% and <110%','PASSED');
INSERT INTO product_quality_check VALUES ('14','38','01-11-18','Hitesh Patel','50','Granulation','Disintegration time','>0 <10 min','PASSED');
INSERT INTO product_quality_check VALUES ('14','39','01-11-18','Ajay Sharma','30','Compression','Hardness','>2 <15 kg/cm15','PASSED');
INSERT INTO product_quality_check VALUES ('14','40','01-11-18','Hitesh Patel','20','Coating','Assay','>90% and <110%','PASSED');
INSERT INTO product_quality_check VALUES ('15','41','02-11-18','Ajay Sharma','10','Granulation','Disintegration time','>0 <10 min','PASSED');
INSERT INTO product_quality_check VALUES ('15','42','02-11-18','Hitesh Patel','40','Compression','Hardness','>2 <15 kg/cm16','PASSED');
INSERT INTO product_quality_check VALUES ('15','43','02-11-18','Ajay Sharma','20','Coating','Assay','>90% and <110%','PASSED');
INSERT INTO product_quality_check VALUES ('16','44','03-11-18','Hitesh Patel','40','Granulation','Disintegration time','>0 <10 min','PASSED');
INSERT INTO product_quality_check VALUES ('16','45','03-11-18','Ajay Sharma','30','Compression','Hardness','>2 <15 kg/cm17','PASSED');
INSERT INTO product_quality_check VALUES ('16','46','03-11-18','Hitesh Patel','10','Coating','Assay','>90% and <110%','PASSED');
INSERT INTO product_quality_check VALUES ('17','47','04-11-18','Ajay Sharma','20','Granulation','Disintegration time','>0 <10 min','PASSED');
INSERT INTO product_quality_check VALUES ('17','48','04-11-18','Hitesh Patel','30','Compression','Hardness','>2 <15 kg/cm18','PASSED');
INSERT INTO product_quality_check VALUES ('17','49','04-11-18','Ajay Sharma','10','Coating','Assay','>90% and <110%','PASSED');
INSERT INTO product_quality_check VALUES ('18','50','05-11-18','Hitesh Patel','20','Granulation','Disintegration time','>0 <10 min','PASSED');
INSERT INTO product_quality_check VALUES ('18','51','05-11-18','Ajay Sharma','10','Compression','Hardness','>2 <15 kg/cm19','PASSED');
INSERT INTO product_quality_check VALUES ('18','52','05-11-18','Hitesh Patel','30','Coating','Assay','>90% and <110%','PASSED');
INSERT INTO product_quality_check VALUES ('19','53','06-11-18','Ajay Sharma','10','Granulation','Disintegration time','>0 <10 min','PASSED');
INSERT INTO product_quality_check VALUES ('19','54','06-11-18','Hitesh Patel','50','Compression','Hardness','>2 <15 kg/cm20','PASSED');
INSERT INTO product_quality_check VALUES ('19','55','06-11-18','Ajay Sharma','30','Coating','Assay','>90% and <110%','PASSED');
INSERT INTO product_quality_check VALUES ('20','56','07-11-18','Hitesh Patel','20','Granulation','Disintegration time','>0 <10 min','PASSED');
INSERT INTO product_quality_check VALUES ('20','57','07-11-18','Ajay Sharma','30','Compression','Hardness','>2 <15 kg/cm21','PASSED');
INSERT INTO product_quality_check VALUES ('20','58','07-11-18','Hitesh Patel','40','Coating','Assay','>90% and <110%','PASSED');
INSERT INTO product_quality_check VALUES ('21','59','08-11-18','Ajay Sharma','10','Granulation','Disintegration time','>0 <10 min','PASSED');
INSERT INTO product_quality_check VALUES ('21','60','08-11-18','Hitesh Patel','30','Compression','Hardness','>2 <15 kg/cm22','PASSED');
INSERT INTO product_quality_check VALUES ('21','61','08-11-18','Ajay Sharma','20','Coating','Assay','>90% and <110%','PASSED');
INSERT INTO product_quality_check VALUES ('22','62','09-11-18','Hitesh Patel','30','Granulation','Disintegration time','>0 <10 min','PASSED');
INSERT INTO product_quality_check VALUES ('22','63','09-11-18','Ajay Sharma','30','Compression','Hardness','>2 <15 kg/cm23','PASSED');
INSERT INTO product_quality_check VALUES ('22','64','09-11-18','Hitesh Patel','30','Coating','Assay','>90% and <110%','PASSED');
INSERT INTO product_quality_check VALUES ('23','65','10-11-18','Ajay Sharma','40','Granulation','Disintegration time','>0 <10 min','PASSED');
INSERT INTO product_quality_check VALUES ('23','66','10-11-18','Hitesh Patel','20','Compression','Hardness','>2 <15 kg/cm24','PASSED');
INSERT INTO product_quality_check VALUES ('23','67','10-11-18','Ajay Sharma','10','Coating','Assay','>90% and <110%','PASSED');
INSERT INTO product_quality_check VALUES ('24','68','11-11-18','Hitesh Patel','30','Granulation','Disintegration time','>0 <10 min','PASSED');
INSERT INTO product_quality_check VALUES ('24','69','11-11-18','Ajay Sharma','30','Compression','Hardness','>2 <15 kg/cm25','PASSED');
INSERT INTO product_quality_check VALUES ('24','70','11-11-18','Hitesh Patel','40','Coating','Assay','>90% and <110%','PASSED');
INSERT INTO product_quality_check VALUES ('25','71','12-11-18','Ajay Sharma','50','Granulation','Disintegration time','>0 <10 min','PASSED');
INSERT INTO product_quality_check VALUES ('25','72','12-11-18','Hitesh Patel','10','Compression','Hardness','>2 <15 kg/cm26','PASSED');
INSERT INTO product_quality_check VALUES ('25','73','12-11-18','Ajay Sharma','20','Coating','Assay','>90% and <110%','PASSED');
INSERT INTO product_quality_check VALUES ('26','74','13-11-18','Hitesh Patel','70','Granulation','Disintegration time','>0 <10 min','PASSED');
INSERT INTO product_quality_check VALUES ('26','75','13-11-18','Ajay Sharma','20','Compression','Hardness','>2 <15 kg/cm27','PASSED');
INSERT INTO product_quality_check VALUES ('26','76','13-11-18','Hitesh Patel','40','Coating','Assay','>90% and <110%','PASSED');
INSERT INTO product_quality_check VALUES ('27','77','14-11-18','Ajay Sharma','30','Granulation','Disintegration time','>0 <20 min','FAILED');

--Fg_Transaction

INSERT INTO fg_transaction VALUES ('1001','1','5000','50000');
INSERT INTO fg_transaction VALUES ('1002','10','15000','300000');
INSERT INTO fg_transaction VALUES ('1002','9','4500','36000');
INSERT INTO fg_transaction VALUES ('1003','8','18000','540000');
INSERT INTO fg_transaction VALUES ('1004','3','15000','195000');
INSERT INTO fg_transaction VALUES ('1005','5','4800','76800');
INSERT INTO fg_transaction VALUES ('1006','4','25000','225000');
INSERT INTO fg_transaction VALUES ('1006','7','9000','45000');
INSERT INTO fg_transaction VALUES ('1007','6','1000','45000');
INSERT INTO fg_transaction VALUES ('1008','23','4000','60000');
INSERT INTO fg_transaction VALUES ('1008','22','18000','342000');
INSERT INTO fg_transaction VALUES ('1009','21','1400','28000');
INSERT INTO fg_transaction VALUES ('1010','19','8000','72000');
INSERT INTO fg_transaction VALUES ('1011','13','7000','70000');